p_dna_batch,total_reads
2,1072162.632069864
3,1071750.7807995367
4,1071078.1508321373
CRISPR_C6596666.sample,1101090.0
ERS717283.plasmid,1090709.0
