p_dna_batch,total_reads
2,1072162.6320698643
3,1071750.7807995458
4,1071078.1508321234
CRISPR_C6596666.sample,1101090.000000009
ERS717283.plasmid,1090708.9999999632
